edge_id,u,v,nominal_forecast,deviation_abs
0,0,1,6.195935269134616,0.1385332658770979
1,1,0,6.195935269134616,0.1385332658770979
2,0,15,6.195935269134616,0.1385332658770979
3,15,0,6.195935269134616,0.1385332658770979
4,1,2,6.684797313888829,0.5831840994215547
5,2,1,6.684797313888829,0.5831840994215547
6,1,16,6.684797313888829,0.5831840994215547
7,16,1,6.684797313888829,0.5831840994215547
8,2,3,7.095683162721616,0.9276050388535166
9,3,2,7.095683162721616,0.9276050388535166
10,2,17,7.095683162721616,0.9276050388535166
11,17,2,7.095683162721616,0.9276050388535166
12,3,4,7.327416795294507,1.103829875119935
13,4,3,7.327416795294507,1.103829875119935
14,3,18,7.327416795294507,1.103829875119935
15,18,3,7.327416795294507,1.103829875119935
16,4,5,7.308920229655907,1.0699008679825903
17,5,4,7.308920229655907,1.0699008679825903
18,4,19,7.308920229655907,1.0699008679825903
19,19,4,7.308920229655907,1.0699008679825903
20,5,6,7.029855501258573,0.8285484186495227
21,6,5,7.029855501258573,0.8285484186495227
22,5,20,7.029855501258573,0.8285484186495227
23,20,5,7.029855501258573,0.8285484186495227
24,6,7,6.550846593774323,0.43407383318882964
25,7,6,6.550846593774323,0.43407383318882964
26,6,21,6.550846593774323,0.43407383318882964
27,21,6,6.550846593774323,0.43407383318882964
28,7,8,5.985519625098332,0.020083045253134202
29,8,7,5.985519625098332,0.020083045253134202
30,7,22,5.985519625098332,0.020083045253134202
31,22,7,5.985519625098332,0.020083045253134202
32,8,9,5.459716438277696,0.4316457904769697
33,9,8,5.459716438277696,0.4316457904769697
34,8,23,5.459716438277696,0.4316457904769697
35,23,8,5.459716438277696,0.4316457904769697
36,9,10,5.064806522555644,0.7263519450056375
37,10,9,5.064806522555644,0.7263519450056375
38,9,24,5.064806522555644,0.7263519450056375
39,24,9,5.064806522555644,0.7263519450056375
40,10,11,4.825915401603421,0.8852081065890136
41,11,10,4.825915401603421,0.8852081065890136
42,10,25,4.825915401603421,0.8852081065890136
43,25,10,4.825915401603421,0.8852081065890136
44,11,12,4.699694744151937,0.949051010889443
45,12,11,4.699694744151937,0.949051010889443
46,11,26,4.699694744151937,0.949051010889443
47,26,11,4.699694744151937,0.949051010889443
48,12,13,4.602687218959946,0.9968474650298829
49,13,12,4.602687218959946,0.9968474650298829
50,12,27,4.602687218959946,0.9968474650298829
51,27,12,4.602687218959946,0.9968474650298829
52,13,14,4.456938113472335,1.105874688962949
53,14,13,4.456938113472335,1.105874688962949
54,13,28,4.456938113472335,1.105874688962949
55,28,13,4.456938113472335,1.105874688962949
56,14,29,4.231368806050433,1.311024695905557
57,29,14,4.231368806050433,1.311024695905557
58,15,16,5.947506501403253,0.11251953747808141
59,16,15,5.947506501403253,0.11251953747808141
60,15,30,5.947506501403253,0.11251953747808141
61,30,15,5.947506501403253,0.11251953747808141
62,16,17,6.3066884679840545,0.4329305035515798
63,17,16,6.3066884679840545,0.4329305035515798
64,16,31,6.3066884679840545,0.4329305035515798
65,31,16,6.3066884679840545,0.4329305035515798
66,17,18,6.6395436166530635,0.705354496781216
67,18,17,6.6395436166530635,0.705354496781216
68,17,32,6.6395436166530635,0.705354496781216
69,32,17,6.6395436166530635,0.705354496781216
70,18,19,6.8576786424761185,0.8672181826779815
71,19,18,6.8576786424761185,0.8672181826779815
72,18,33,6.8576786424761185,0.8672181826779815
73,33,18,6.8576786424761185,0.8672181826779815
74,19,20,6.898170734987573,0.8780236482869324
75,20,19,6.898170734987573,0.8780236482869324
76,19,34,6.898170734987573,0.8780236482869324
77,34,19,6.898170734987573,0.8780236482869324
78,20,21,6.749967236714081,0.7362913314864805
79,21,20,6.749967236714081,0.7362913314864805
80,20,35,6.749967236714081,0.7362913314864805
81,35,20,6.749967236714081,0.7362913314864805
82,21,22,6.460096001343817,0.48331253445133626
83,22,21,6.460096001343817,0.48331253445133626
84,21,36,6.460096001343817,0.48331253445133626
85,36,21,6.460096001343817,0.48331253445133626
86,22,23,6.115390142860609,0.18977157415011003
87,23,22,6.115390142860609,0.18977157415011003
88,22,37,6.115390142860609,0.18977157415011003
89,37,22,6.115390142860609,0.18977157415011003
90,23,24,5.80706585806184,0.07067425118739923
91,24,23,5.80706585806184,0.07067425118739923
92,23,38,5.80706585806184,0.07067425118739923
93,38,23,5.80706585806184,0.07067425118739923
94,24,25,5.594002237721153,0.24991101060081
95,25,24,5.594002237721153,0.24991101060081
96,24,39,5.594002237721153,0.24991101060081
97,39,24,5.594002237721153,0.24991101060081
98,25,26,5.48150632548371,0.3433522711342709
99,26,25,5.48150632548371,0.3433522711342709
100,25,40,5.48150632548371,0.3433522711342709
101,40,25,5.48150632548371,0.3433522711342709
102,26,27,5.425068069038338,0.3891347290662992
103,27,26,5.425068069038338,0.3891347290662992
104,26,41,5.425068069038338,0.3891347290662992
105,41,26,5.425068069038338,0.3891347290662992
106,27,28,5.356684168684433,0.44842513496311565
107,28,27,5.356684168684433,0.44842513496311565
108,27,42,5.356684168684433,0.44842513496311565
109,42,27,5.356684168684433,0.44842513496311565
110,28,29,5.220700218881729,0.5749428990070147
111,29,28,5.220700218881729,0.5749428990070147
112,28,43,5.220700218881729,0.5749428990070147
113,43,28,5.220700218881729,0.5749428990070147
114,29,44,5.00203344518824,0.7869545811445882
115,44,29,5.00203344518824,0.7869545811445882
116,30,31,5.630627275606892,0.21651245269031527
117,31,30,5.630627275606892,0.21651245269031527
118,30,45,5.630627275606892,0.21651245269031527
119,45,30,5.630627275606892,0.21651245269031527
120,31,32,5.823044109614622,0.38108304128213444
121,32,31,5.823044109614622,0.38108304128213444
122,31,46,5.823044109614622,0.38108304128213444
123,46,31,5.823044109614622,0.38108304128213444
124,32,33,6.048541799506536,0.5589816667153871
125,33,32,6.048541799506536,0.5589816667153871
126,32,47,6.048541799506536,0.5589816667153871
127,47,32,6.048541799506536,0.5589816667153871
128,33,34,6.233332304596611,0.6884688172800386
129,34,33,6.233332304596611,0.6884688172800386
130,33,48,6.233332304596611,0.6884688172800386
131,48,33,6.233332304596611,0.6884688172800386
132,34,35,6.323972009724816,0.7259968081796622
133,35,34,6.323972009724816,0.7259968081796622
134,34,49,6.323972009724816,0.7259968081796622
135,49,34,6.323972009724816,0.7259968081796622
136,35,36,6.310432419010541,0.6644693560789632
137,36,35,6.310432419010541,0.6644693560789632
138,35,50,6.310432419010541,0.6644693560789632
139,50,35,6.310432419010541,0.6644693560789632
140,36,37,6.228060948978734,0.5343811074385991
141,37,36,6.228060948978734,0.5343811074385991
142,36,51,6.228060948978734,0.5343811074385991
143,51,36,6.228060948978734,0.5343811074385991
144,37,38,6.137681250918593,0.387648476756115
145,38,37,6.137681250918593,0.387648476756115
146,37,52,6.137681250918593,0.387648476756115
147,52,37,6.137681250918593,0.387648476756115
148,38,39,6.0939632227553,0.27224111321637334
149,39,38,6.0939632227553,0.27224111321637334
150,38,53,6.0939632227553,0.27224111321637334
151,53,38,6.0939632227553,0.27224111321637334
152,39,40,6.117923909966085,0.20988776237718554
153,40,39,6.117923909966085,0.20988776237718554
154,39,54,6.117923909966085,0.20988776237718554
155,54,39,6.117923909966085,0.20988776237718554
156,40,41,6.187060728845907,0.18717530778316505
157,41,40,6.187060728845907,0.18717530778316505
158,40,55,6.187060728845907,0.18717530778316505
159,55,40,6.187060728845907,0.18717530778316505
160,41,42,6.247455304553851,0.16363220800519152
161,42,41,6.247455304553851,0.16363220800519152
162,41,56,6.247455304553851,0.16363220800519152
163,56,41,6.247455304553851,0.16363220800519152
164,42,43,6.241044888902636,0.09248566360278154
165,43,42,6.241044888902636,0.09248566360278154
166,42,57,6.241044888902636,0.09248566360278154
167,57,42,6.241044888902636,0.09248566360278154
168,43,44,6.133925827514427,0.05562830543532016
169,44,43,6.133925827514427,0.05562830543532016
170,43,58,6.133925827514427,0.05562830543532016
171,58,43,6.133925827514427,0.05562830543532016
172,44,59,5.931707218607758,0.2767873811644872
173,59,44,5.931707218607758,0.2767873811644872
174,45,46,5.285297784286265,0.4483389180630839
175,46,45,5.285297784286265,0.4483389180630839
176,45,60,5.285297784286265,0.4483389180630839
177,60,45,5.285297784286265,0.4483389180630839
178,46,47,5.270150547297053,0.42131720645873205
179,47,46,5.270150547297053,0.42131720645873205
180,46,61,5.270150547297053,0.42131720645873205
181,61,46,5.270150547297053,0.42131720645873205
182,47,48,5.350004263226434,0.473576088933215
183,48,47,5.350004263226434,0.473576088933215
184,47,62,5.350004263226434,0.473576088933215
185,62,47,5.350004263226434,0.473576088933215
186,48,49,5.4694451210662764,0.5434722981309781
187,49,48,5.4694451210662764,0.5434722981309781
188,48,63,5.4694451210662764,0.5434722981309781
189,63,48,5.4694451210662764,0.5434722981309781
190,49,50,5.58529387147513,0.5809964494026625
191,50,49,5.58529387147513,0.5809964494026625
192,49,64,5.58529387147513,0.5809964494026625
193,64,49,5.58529387147513,0.5809964494026625
194,50,51,5.68786942172882,0.570356049864003
195,51,50,5.68786942172882,0.570356049864003
196,50,65,5.68786942172882,0.570356049864003
197,65,50,5.68786942172882,0.570356049864003
198,51,52,5.800610820531604,0.53094644113692
199,52,51,5.800610820531604,0.53094644113692
200,51,66,5.800610820531604,0.53094644113692
201,66,51,5.800610820531604,0.53094644113692
202,52,53,5.959651667255417,0.4991172221520488
203,53,52,5.959651667255417,0.4991172221520488
204,52,67,5.959651667255417,0.4991172221520488
205,67,52,5.959651667255417,0.4991172221520488
206,53,54,6.185613170402396,0.5026105428028744
207,54,53,6.185613170402396,0.5026105428028744
208,53,68,6.185613170402396,0.5026105428028744
209,68,53,6.185613170402396,0.5026105428028744
210,54,55,6.463729453616607,0.5419715982218385
211,55,54,6.463729453616607,0.5419715982218385
212,54,69,6.463729453616607,0.5419715982218385
213,69,54,6.463729453616607,0.5419715982218385
214,55,56,6.743521569001677,0.5882807204420457
215,56,55,6.743521569001677,0.5882807204420457
216,55,70,6.743521569001677,0.5882807204420457
217,70,55,6.743521569001677,0.5882807204420457
218,56,57,6.958386883539255,0.5974703883143908
219,57,56,6.958386883539255,0.5974703883143908
220,56,71,6.958386883539255,0.5974703883143908
221,71,56,6.958386883539255,0.5974703883143908
222,57,58,7.054624321719916,0.5331180647341567
223,58,57,7.054624321719916,0.5331180647341567
224,57,72,7.054624321719916,0.5331180647341567
225,72,57,7.054624321719916,0.5331180647341567
226,58,59,7.014445604709233,0.38586844703723333
227,59,58,7.014445604709233,0.38586844703723333
228,58,73,7.014445604709233,0.38586844703723333
229,73,58,7.014445604709233,0.38586844703723333
230,59,74,6.861033260319757,0.17978755345765318
231,74,59,6.861033260319757,0.17978755345765318
232,60,61,4.93266188486318,0.7764692564439724
233,61,60,4.93266188486318,0.7764692564439724
234,60,75,4.93266188486318,0.7764692564439724
235,75,60,4.93266188486318,0.7764692564439724
236,61,62,4.675096113703901,0.526432273374505
237,62,61,4.675096113703901,0.526432273374505
238,61,76,4.675096113703901,0.526432273374505
239,76,61,4.675096113703901,0.526432273374505
240,62,63,4.568820557546735,0.4181687023459464
241,63,62,4.568820557546735,0.4181687023459464
242,62,77,4.568820557546735,0.4181687023459464
243,77,62,4.568820557546735,0.4181687023459464
244,63,64,4.583662517940502,0.39500985666358
245,64,63,4.583662517940502,0.39500985666358
246,63,78,4.583662517940502,0.39500985666358
247,78,63,4.583662517940502,0.39500985666358
248,64,65,4.68947002272145,0.40131212409393946
249,65,64,4.68947002272145,0.40131212409393946
250,64,79,4.68947002272145,0.40131212409393946
251,79,64,4.68947002272145,0.40131212409393946
252,65,66,4.875859259897989,0.41030526094964603
253,66,65,4.875859259897989,0.41030526094964603
254,65,80,4.875859259897989,0.41030526094964603
255,80,65,4.875859259897989,0.41030526094964603
256,66,67,5.15201210087534,0.42766985276292235
257,67,66,5.15201210087534,0.42766985276292235
258,66,81,5.15201210087534,0.42766985276292235
259,81,66,5.15201210087534,0.42766985276292235
260,67,68,5.528809480334485,0.4741628722821334
261,68,67,5.528809480334485,0.4741628722821334
262,67,82,5.528809480334485,0.4741628722821334
263,82,67,5.528809480334485,0.4741628722821334
264,68,69,5.995825014505301,0.5612213011534566
265,69,68,5.995825014505301,0.5612213011534566
266,68,83,5.995825014505301,0.5612213011534566
267,83,68,5.995825014505301,0.5612213011534566
268,69,70,6.508467299722909,0.675045521866072
269,70,69,6.508467299722909,0.675045521866072
270,69,84,6.508467299722909,0.675045521866072
271,84,69,6.508467299722909,0.675045521866072
272,70,71,6.994502623854094,0.778062956121885
273,71,70,6.994502623854094,0.778062956121885
274,70,85,6.994502623854094,0.778062956121885
275,85,70,6.994502623854094,0.778062956121885
276,71,72,7.3778566269194235,0.8262872530813539
277,72,71,7.3778566269194235,0.8262872530813539
278,71,86,7.3778566269194235,0.8262872530813539
279,86,71,7.3778566269194235,0.8262872530813539
280,72,73,7.607413080680721,0.7924174204711871
281,73,72,7.607413080680721,0.7924174204711871
282,72,87,7.607413080680721,0.7924174204711871
283,87,72,7.607413080680721,0.7924174204711871
284,73,74,7.675245194241106,0.681643985268618
285,74,73,7.675245194241106,0.681643985268618
286,73,88,7.675245194241106,0.681643985268618
287,88,73,7.675245194241106,0.681643985268618
288,74,89,7.614214830166103,0.5311792809009059
289,89,74,7.614214830166103,0.5311792809009059
290,75,76,4.561639313569932,1.1324092346656447
291,76,75,4.561639313569932,1.1324092346656447
292,75,90,4.561639313569932,1.1324092346656447
293,90,75,4.561639313569932,1.1324092346656447
294,76,77,4.053233876505944,0.6512104695695324
295,77,76,4.053233876505944,0.6512104695695324
296,76,91,4.053233876505944,0.6512104695695324
297,91,76,4.053233876505944,0.6512104695695324
298,77,78,3.737127183164096,0.3599030789467026
299,78,77,3.737127183164096,0.3599030789467026
300,77,92,3.737127183164096,0.3599030789467026
301,92,77,3.737127183164096,0.3599030789467026
302,78,79,3.616588769367943,0.21590137517881258
303,79,78,3.616588769367943,0.21590137517881258
304,78,93,3.616588769367943,0.21590137517881258
305,93,78,3.616588769367943,0.21590137517881258
306,79,80,3.680044608991099,0.16421988212530803
307,80,79,3.680044608991099,0.16421988212530803
308,79,94,3.680044608991099,0.16421988212530803
309,94,79,3.680044608991099,0.16421988212530803
310,80,81,3.9172461267010448,0.16826759199230645
311,81,80,3.9172461267010448,0.16826759199230645
312,80,95,3.9172461267010448,0.16826759199230645
313,95,80,3.9172461267010448,0.16826759199230645
314,81,82,4.320485537381636,0.21724945768968684
315,82,81,4.320485537381636,0.21724945768968684
316,81,96,4.320485537381636,0.21724945768968684
317,96,81,4.320485537381636,0.21724945768968684
318,82,83,4.872769709346716,0.3132057118264271
319,83,82,4.872769709346716,0.3132057118264271
320,82,97,4.872769709346716,0.3132057118264271
321,97,82,4.872769709346716,0.3132057118264271
322,83,84,5.533511187248791,0.45132812883481943
323,84,83,5.533511187248791,0.45132812883481943
324,83,98,5.533511187248791,0.45132812883481943
325,98,83,5.533511187248791,0.45132812883481943
326,84,85,6.234067528372716,0.608135146848908
327,85,84,6.234067528372716,0.608135146848908
328,84,99,6.234067528372716,0.608135146848908
329,99,84,6.234067528372716,0.608135146848908
330,85,86,6.889493067532657,0.7451705609627126
331,86,85,6.889493067532657,0.7451705609627126
332,85,100,6.889493067532657,0.7451705609627126
333,100,85,6.889493067532657,0.7451705609627126
334,86,87,7.422756375259171,0.825863052435647
335,87,86,7.422756375259171,0.825863052435647
336,86,101,7.422756375259171,0.825863052435647
337,101,86,7.422756375259171,0.825863052435647
338,87,88,7.789394702369167,0.8353089675346359
339,88,87,7.789394702369167,0.8353089675346359
340,87,102,7.789394702369167,0.8353089675346359
341,102,87,7.789394702369167,0.8353089675346359
342,88,89,7.989076995464959,0.790723257525972
343,89,88,7.989076995464959,0.790723257525972
344,88,103,7.989076995464959,0.790723257525972
345,103,88,7.989076995464959,0.790723257525972
346,89,104,8.056946893383511,0.735218957477997
347,104,89,8.056946893383511,0.735218957477997
348,90,91,4.1425617974061,1.4272964875583054
349,91,90,4.1425617974061,1.4272964875583054
350,90,105,4.1425617974061,1.4272964875583054
351,105,90,4.1425617974061,1.4272964875583054
352,91,92,3.4219066446632866,0.7494318597642908
353,92,91,3.4219066446632866,0.7494318597642908
354,91,106,3.4219066446632866,0.7494318597642908
355,106,91,3.4219066446632866,0.7494318597642908
356,92,93,2.910627808566277,0.28408968386975353
357,93,92,2.910627808566277,0.28408968386975353
358,92,107,2.910627808566277,0.28408968386975353
359,107,92,2.910627808566277,0.28408968386975353
360,93,94,2.6510645398652968,0.012248236992153938
361,94,93,2.6510645398652968,0.012248236992153938
362,93,108,2.6510645398652968,0.012248236992153938
363,108,93,2.6510645398652968,0.012248236992153938
364,94,95,2.6571061156782676,0.11000443565713347
365,95,94,2.6571061156782676,0.11000443565713347
366,94,109,2.6571061156782676,0.11000443565713347
367,109,94,2.6571061156782676,0.11000443565713347
368,95,96,2.9226039927063994,0.12305454847225183
369,96,95,2.9226039927063994,0.12305454847225183
370,95,110,2.9226039927063994,0.12305454847225183
371,110,95,2.9226039927063994,0.12305454847225183
372,96,97,3.4227438486100588,0.05409649110815273
373,97,96,3.4227438486100588,0.05409649110815273
374,96,111,3.4227438486100588,0.05409649110815273
375,111,96,3.4227438486100588,0.05409649110815273
376,97,98,4.1101586994806905,0.07653060455370841
377,98,97,4.1101586994806905,0.07653060455370841
378,97,112,4.1101586994806905,0.07653060455370841
379,112,97,4.1101586994806905,0.07653060455370841
380,98,99,4.912896061360156,0.24445323604822633
381,99,98,4.912896061360156,0.24445323604822633
382,98,113,4.912896061360156,0.24445323604822633
383,113,98,4.912896061360156,0.24445323604822633
384,99,100,5.741320684972204,0.4169400978678919
385,100,99,5.741320684972204,0.4169400978678919
386,99,114,5.741320684972204,0.4169400978678919
387,114,99,5.741320684972204,0.4169400978678919
388,100,101,6.505622754639647,0.5597133638951055
389,101,100,6.505622754639647,0.5597133638951055
390,100,115,6.505622754639647,0.5597133638951055
391,115,100,6.505622754639647,0.5597133638951055
392,101,102,7.138144462192509,0.6513057394550188
393,102,101,7.138144462192509,0.6513057394550188
394,101,116,7.138144462192509,0.6513057394550188
395,116,101,7.138144462192509,0.6513057394550188
396,102,103,7.609947837178207,0.6958459103968178
397,103,102,7.609947837178207,0.6958459103968178
398,102,117,7.609947837178207,0.6958459103968178
399,117,102,7.609947837178207,0.6958459103968178
400,103,104,7.932226808821603,0.7248441543283173
401,104,103,7.932226808821603,0.7248441543283173
402,103,118,7.932226808821603,0.7248441543283173
403,118,103,7.932226808821603,0.7248441543283173
404,104,119,8.140203969438392,0.7840731396331204
405,119,104,8.140203969438392,0.7840731396331204
406,105,106,3.6576650043253665,1.584907530426201
407,106,105,3.6576650043253665,1.584907530426201
408,105,120,3.6576650043253665,1.584907530426201
409,120,105,3.6576650043253665,1.584907530426201
410,106,107,2.8177617289839407,0.7947421735862661
411,107,106,2.8177617289839407,0.7947421735862661
412,106,121,2.8177617289839407,0.7947421735862661
413,121,106,2.8177617289839407,0.7947421735862661
414,107,108,2.175676878832775,0.2066441924295883
415,108,107,2.175676878832775,0.2066441924295883
416,107,122,2.175676878832775,0.2066441924295883
417,122,107,2.175676878832775,0.2066441924295883
418,108,109,1.8118026943068009,0.16943938086006605
419,109,108,1.8118026943068009,0.16943938086006605
420,108,123,1.8118026943068009,0.16943938086006605
421,123,108,1.8118026943068009,0.16943938086006605
422,109,110,1.7706033889923738,0.3552313714891646
423,110,109,1.7706033889923738,0.3552313714891646
424,109,124,1.7706033889923738,0.3552313714891646
425,124,109,1.7706033889923738,0.3552313714891646
426,110,111,2.056541271021951,0.38472940868722993
427,111,110,2.056541271021951,0.38472940868722993
428,110,125,2.056541271021951,0.38472940868722993
429,125,110,2.056541271021951,0.38472940868722993
430,111,112,2.631929187001896,0.29649504538594273
431,112,111,2.631929187001896,0.29649504538594273
432,111,126,2.631929187001896,0.29649504538594273
433,126,111,2.631929187001896,0.29649504538594273
434,112,113,3.419936058069629,0.13389202624042307
435,113,112,3.419936058069629,0.13389202624042307
436,112,127,3.419936058069629,0.13389202624042307
437,127,112,3.419936058069629,0.13389202624042307
438,113,114,4.31644530493817,0.05534341962799605
439,114,113,4.31644530493817,0.05534341962799605
440,113,128,4.31644530493817,0.05534341962799605
441,128,113,4.31644530493817,0.05534341962799605
442,114,115,5.211248377738206,0.2260041396903283
443,115,114,5.211248377738206,0.2260041396903283
444,114,129,5.211248377738206,0.2260041396903283
445,129,114,5.211248377738206,0.2260041396903283
446,115,116,6.013647604861396,0.3481792598181812
447,116,115,6.013647604861396,0.3481792598181812
448,115,130,6.013647604861396,0.3481792598181812
449,130,115,6.013647604861396,0.3481792598181812
450,116,117,6.673221609191936,0.41969794716118614
451,117,116,6.673221609191936,0.41969794716118614
452,116,131,6.673221609191936,0.41969794716118614
453,131,116,6.673221609191936,0.41969794716118614
454,117,118,7.1863941684673005,0.4701484219862948
455,118,117,7.1863941684673005,0.4701484219862948
456,117,132,7.1863941684673005,0.4701484219862948
457,132,117,7.1863941684673005,0.4701484219862948
458,118,119,7.584533857378926,0.5510061971699622
459,119,118,7.584533857378926,0.5510061971699622
460,118,133,7.584533857378926,0.5510061971699622
461,133,118,7.584533857378926,0.5510061971699622
462,119,134,7.9076155121510325,0.7130984282044439
463,134,119,7.9076155121510325,0.7130984282044439
464,120,121,3.126480881669672,1.5720565323123814
465,121,120,3.126480881669672,1.5720565323123814
466,120,135,3.126480881669672,1.5720565323123814
467,135,120,3.126480881669672,1.5720565323123814
468,121,122,2.301003388560334,0.791311671452573
469,122,121,2.301003388560334,0.791311671452573
470,121,136,2.301003388560334,0.791311671452573
471,136,121,2.301003388560334,0.791311671452573
472,122,123,1.634684669928705,0.16837971893932968
473,123,122,1.634684669928705,0.16837971893932968
474,122,137,1.634684669928705,0.16837971893932968
475,137,122,1.634684669928705,0.16837971893932968
476,123,124,1.236231341163763,0.2594525681883124
477,124,123,1.236231341163763,0.2594525681883124
478,123,138,1.236231341163763,0.2594525681883124
479,138,123,1.236231341163763,0.2594525681883124
480,124,125,1.1807041621506955,0.4840359080766643
481,125,124,1.1807041621506955,0.4840359080766643
482,124,139,1.1807041621506955,0.4840359080766643
483,139,124,1.1807041621506955,0.4840359080766643
484,125,126,1.4898767822215948,0.5215029181571462
485,126,125,1.4898767822215948,0.5215029181571462
486,125,140,1.4898767822215948,0.5215029181571462
487,140,125,1.4898767822215948,0.5215029181571462
488,126,127,2.1219247129651233,0.41189590321901637
489,127,126,2.1219247129651233,0.41189590321901637
490,126,141,2.1219247129651233,0.41189590321901637
491,141,126,2.1219247129651233,0.41189590321901637
492,127,128,2.977322733157272,0.21665441247441652
493,128,127,2.977322733157272,0.21665441247441652
494,127,142,2.977322733157272,0.21665441247441652
495,142,127,2.977322733157272,0.21665441247441652
496,128,129,3.922841329371487,0.007398848057396545
497,129,128,3.922841329371487,0.007398848057396545
498,128,143,3.922841329371487,0.007398848057396545
499,143,128,3.922841329371487,0.007398848057396545
500,129,130,4.827888741587902,0.15414393529612003
501,130,129,4.827888741587902,0.15414393529612003
502,129,144,4.827888741587902,0.15414393529612003
503,144,129,4.827888741587902,0.15414393529612003
504,130,131,5.600778848968216,0.2380679055768038
505,131,130,5.600778848968216,0.2380679055768038
506,130,145,5.600778848968216,0.2380679055768038
507,145,130,5.600778848968216,0.2380679055768038
508,131,132,6.2106110216315,0.25968254204115304
509,132,131,6.2106110216315,0.25968254204115304
510,131,146,6.2106110216315,0.25968254204115304
511,146,131,6.2106110216315,0.25968254204115304
512,132,133,6.685130656667815,0.276032143866324
513,133,132,6.685130656667815,0.276032143866324
514,132,147,6.685130656667815,0.276032143866324
515,147,132,6.685130656667815,0.276032143866324
516,133,134,7.084745933946024,0.36368959819429314
517,134,133,7.084745933946024,0.36368959819429314
518,133,148,7.084745933946024,0.36368959819429314
519,148,133,7.084745933946024,0.36368959819429314
520,134,149,7.463514125563869,0.5847842186051215
521,149,134,7.463514125563869,0.5847842186051215
522,135,136,2.6083682021346664,1.4095748661522727
523,136,135,2.6083682021346664,1.4095748661522727
524,135,150,2.6083682021346664,1.4095748661522727
525,150,135,2.6083682021346664,1.4095748661522727
526,136,137,1.939333119769745,0.7674417454292528
527,137,136,1.939333119769745,0.7674417454292528
528,136,151,1.939333119769745,0.7674417454292528
529,151,136,1.939333119769745,0.7674417454292528
530,137,138,1.3719465563821478,0.2126492140528493
531,138,137,1.3719465563821478,0.2126492140528493
532,137,152,1.3719465563821478,0.2126492140528493
533,152,137,1.3719465563821478,0.2126492140528493
534,138,139,1.0259427410945368,0.1990000913454304
535,139,138,1.0259427410945368,0.1990000913454304
536,138,153,1.0259427410945368,0.1990000913454304
537,153,138,1.0259427410945368,0.1990000913454304
538,139,140,1.0,0.4284144953788953
539,140,139,1.0,0.4284144953788953
540,139,154,1.0,0.4284144953788953
541,154,139,1.0,0.4284144953788953
542,140,141,1.3368938401381527,0.46512647703227694
543,141,140,1.3368938401381527,0.46512647703227694
544,140,155,1.3368938401381527,0.46512647703227694
545,155,140,1.3368938401381527,0.46512647703227694
546,141,142,2.001585502809176,0.3385489773076831
547,142,141,2.001585502809176,0.3385489773076831
548,141,156,2.001585502809176,0.3385489773076831
549,156,141,2.001585502809176,0.3385489773076831
550,142,143,2.884499055733875,0.1175635379366069
551,143,142,2.884499055733875,0.1175635379366069
552,142,157,2.884499055733875,0.1175635379366069
553,157,142,2.884499055733875,0.1175635379366069
554,143,144,3.832544002093345,0.10773077031524281
555,144,143,3.832544002093345,0.10773077031524281
556,143,158,3.832544002093345,0.10773077031524281
557,158,143,3.832544002093345,0.10773077031524281
558,144,145,4.698014696161561,0.2579523258133056
559,145,144,4.698014696161561,0.2579523258133056
560,144,159,4.698014696161561,0.2579523258133056
561,159,144,4.698014696161561,0.2579523258133056
562,145,146,5.3863040171695555,0.2970535151022595
563,146,145,5.3863040171695555,0.2970535151022595
564,145,160,5.3863040171695555,0.2970535151022595
565,160,145,5.3863040171695555,0.2970535151022595
566,146,147,5.882318653219146,0.2502398177221741
567,147,146,5.882318653219146,0.2502398177221741
568,146,161,5.882318653219146,0.2502398177221741
569,161,146,5.882318653219146,0.2502398177221741
570,147,148,6.243791868550022,0.1969711085573591
571,148,147,6.243791868550022,0.1969711085573591
572,147,162,6.243791868550022,0.1969711085573591
573,162,147,6.243791868550022,0.1969711085573591
574,148,149,6.563980397142812,0.2391272245739824
575,149,148,6.563980397142812,0.2391272245739824
576,148,163,6.563980397142812,0.2391272245739824
577,163,148,6.563980397142812,0.2391272245739824
578,149,164,6.919974540027318,0.45599112280546894
579,164,149,6.919974540027318,0.45599112280546894
580,150,151,2.1810479329784034,1.1610154800854684
581,151,150,2.1810479329784034,1.1610154800854684
582,150,165,2.1810479329784034,1.1610154800854684
583,165,150,2.1810479329784034,1.1610154800854684
584,151,152,1.7803098619565896,0.7586423846556865
585,152,151,1.7803098619565896,0.7586423846556865
586,151,166,1.7803098619565896,0.7586423846556865
587,166,151,1.7803098619565896,0.7586423846556865
588,152,153,1.4178294067973631,0.36119035256400167
589,153,152,1.4178294067973631,0.36119035256400167
590,152,167,1.4178294067973631,0.36119035256400167
591,167,152,1.4178294067973631,0.36119035256400167
592,153,154,1.2037376300921792,0.029576802162447402
593,154,153,1.2037376300921792,0.029576802162447402
594,153,168,1.2037376300921792,0.029576802162447402
595,168,153,1.2037376300921792,0.029576802162447402
596,154,155,1.246915459360719,0.17266606845777033
597,155,154,1.246915459360719,0.17266606845777033
598,154,169,1.246915459360719,0.17266606845777033
599,169,154,1.246915459360719,0.17266606845777033
600,155,156,1.609246287517709,0.20605351647650672
601,156,155,1.609246287517709,0.20605351647650672
602,155,170,1.609246287517709,0.20605351647650672
603,170,155,1.609246287517709,0.20605351647650672
604,156,157,2.2717555936841665,0.07921948499452691
605,157,156,2.2717555936841665,0.07921948499452691
606,156,171,2.2717555936841665,0.07921948499452691
607,171,156,2.2717555936841665,0.07921948499452691
608,157,158,3.1305209254150452,0.14517528035504101
609,158,157,3.1305209254150452,0.14517528035504101
610,157,172,3.1305209254150452,0.14517528035504101
611,172,157,3.1305209254150452,0.14517528035504101
612,158,159,4.027781534483374,0.37005053218351813
613,159,158,4.027781534483374,0.37005053218351813
614,158,173,4.027781534483374,0.37005053218351813
615,173,158,4.027781534483374,0.37005053218351813
616,159,160,4.807402020316842,0.5029942714314677
617,160,159,4.807402020316842,0.5029942714314677
618,159,174,4.807402020316842,0.5029942714314677
619,174,159,4.807402020316842,0.5029942714314677
620,160,161,5.3716024362310275,0.4979463510592499
621,161,160,5.3716024362310275,0.4979463510592499
622,160,175,5.3716024362310275,0.4979463510592499
623,175,160,5.3716024362310275,0.4979463510592499
624,161,162,5.713939202208697,0.3798382843549506
625,162,161,5.713939202208697,0.3798382843549506
626,161,176,5.713939202208697,0.3798382843549506
627,176,161,5.713939202208697,0.3798382843549506
628,162,163,5.913353432223079,0.23909317466194757
629,163,162,5.913353432223079,0.23909317466194757
630,162,177,5.913353432223079,0.23909317466194757
631,177,162,5.913353432223079,0.23909317466194757
632,163,164,6.091393638563667,0.19577504775974663
633,164,163,6.091393638563667,0.19577504775974663
634,163,178,6.091393638563667,0.19577504775974663
635,178,163,6.091393638563667,0.19577504775974663
636,164,179,6.351394283788165,0.34726077193152793
637,179,164,6.351394283788165,0.34726077193152793
638,165,166,1.9105443370826163,0.9105443370826163
639,166,165,1.9105443370826163,0.9105443370826163
640,165,180,1.9105443370826163,0.9105443370826163
641,180,165,1.9105443370826163,0.9105443370826163
642,166,167,1.8311146207862676,0.7950150426280418
643,167,166,1.8311146207862676,0.7950150426280418
644,166,181,1.8311146207862676,0.7950150426280418
645,181,166,1.8311146207862676,0.7950150426280418
646,167,168,1.7342374473462892,0.6065980676781124
647,168,167,1.7342374473462892,0.6065980676781124
648,167,182,1.7342374473462892,0.6065980676781124
649,182,167,1.7342374473462892,0.6065980676781124
650,168,169,1.70214269225327,0.39750577841812396
651,169,168,1.70214269225327,0.39750577841812396
652,168,183,1.70214269225327,0.39750577841812396
653,183,168,1.70214269225327,0.39750577841812396
654,169,170,1.8371684036996974,0.24327065930852765
655,170,169,1.8371684036996974,0.24327065930852765
656,169,184,1.8371684036996974,0.24327065930852765
657,184,169,1.8371684036996974,0.24327065930852765
658,170,171,2.212243661373308,0.2069541847122225
659,171,170,2.212243661373308,0.2069541847122225
660,170,185,2.212243661373308,0.2069541847122225
661,185,170,2.212243661373308,0.2069541847122225
662,171,172,2.8284791083465164,0.30500767168908105
663,172,171,2.8284791083465164,0.30500767168908105
664,171,186,2.8284791083465164,0.30500767168908105
665,186,171,2.8284791083465164,0.30500767168908105
666,172,173,3.6017940680704523,0.493409290413898
667,173,172,3.6017940680704523,0.493409290413898
668,172,187,3.6017940680704523,0.493409290413898
669,187,172,3.6017940680704523,0.493409290413898
670,173,174,4.387771848479146,0.6831874499404815
671,174,173,4.387771848479146,0.6831874499404815
672,173,188,4.387771848479146,0.6831874499404815
673,188,173,4.387771848479146,0.6831874499404815
674,174,175,5.035873935052068,0.779887443586075
675,175,174,5.035873935052068,0.779887443586075
676,174,189,5.035873935052068,0.779887443586075
677,189,174,5.035873935052068,0.779887443586075
678,175,176,5.449514784690478,0.7293810802560214
679,176,175,5.449514784690478,0.7293810802560214
680,175,190,5.449514784690478,0.7293810802560214
681,190,175,5.449514784690478,0.7293810802560214
682,176,177,5.624637464558722,0.5484435083111663
683,177,176,5.624637464558722,0.5484435083111663
684,176,191,5.624637464558722,0.5484435083111663
685,191,176,5.624637464558722,0.5484435083111663
686,177,178,5.648531840313805,0.3245170075043049
687,178,177,5.648531840313805,0.3245170075043049
688,177,192,5.648531840313805,0.3245170075043049
689,192,177,5.648531840313805,0.3245170075043049
690,178,179,5.658567257447464,0.1824611722876286
691,179,178,5.658567257447464,0.1824611722876286
692,178,193,5.658567257447464,0.1824611722876286
693,193,178,5.658567257447464,0.1824611722876286
694,179,194,5.778786982948866,0.23135890259380254
695,194,179,5.778786982948866,0.23135890259380254
696,180,181,1.8322459394069917,0.7446528262286312
697,181,180,1.8322459394069917,0.7446528262286312
698,180,195,1.8322459394069917,0.7446528262286312
699,195,180,1.8322459394069917,0.7446528262286312
700,181,182,2.060712323142247,0.9029859645760636
701,182,181,2.060712323142247,0.9029859645760636
702,181,196,2.060712323142247,0.9029859645760636
703,196,181,2.060712323142247,0.9029859645760636
704,182,183,2.2331299660927995,0.9285372934359739
705,183,182,2.2331299660927995,0.9285372934359739
706,182,197,2.2331299660927995,0.9285372934359739
707,197,182,2.2331299660927995,0.9285372934359739
708,183,184,2.3928530540179525,0.8544770046435857
709,184,183,2.3928530540179525,0.8544770046435857
710,183,198,2.3928530540179525,0.8544770046435857
711,198,183,2.3928530540179525,0.8544770046435857
712,184,185,2.6202597886314725,0.7535463752766769
713,185,184,2.6202597886314725,0.7535463752766769
714,184,199,2.6202597886314725,0.7535463752766769
715,199,184,2.6202597886314725,0.7535463752766769
716,185,186,2.9870943542383284,0.7003999767643334
717,186,185,2.9870943542383284,0.7003999767643334
718,185,200,2.9870943542383284,0.7003999767643334
719,200,185,2.9870943542383284,0.7003999767643334
720,186,187,3.5117065281855067,0.7333068829951217
721,187,186,3.5117065281855067,0.7333068829951217
722,186,201,3.5117065281855067,0.7333068829951217
723,201,186,3.5117065281855067,0.7333068829951217
724,187,188,4.138186109395092,0.8341100967547987
725,188,187,4.138186109395092,0.8341100967547987
726,187,202,4.138186109395092,0.8341100967547987
727,202,187,4.138186109395092,0.8341100967547987
728,188,189,4.751467783320484,0.9365002322587075
729,189,188,4.751467783320484,0.9365002322587075
730,188,203,4.751467783320484,0.9365002322587075
731,203,188,4.751467783320484,0.9365002322587075
732,189,190,5.223156970418465,0.959254216174493
733,190,189,5.223156970418465,0.959254216174493
734,189,204,5.223156970418465,0.959254216174493
735,204,189,5.223156970418465,0.959254216174493
736,190,191,5.467536996558767,0.8492166680463891
737,191,190,5.467536996558767,0.8492166680463891
738,190,205,5.467536996558767,0.8492166680463891
739,205,190,5.467536996558767,0.8492166680463891
740,191,192,5.48152775158828,0.6137488677348335
741,192,191,5.48152775158828,0.6137488677348335
742,191,206,5.48152775158828,0.6137488677348335
743,206,191,5.48152775158828,0.6137488677348335
744,192,193,5.349187620865772,0.32645957677751447
745,193,192,5.349187620865772,0.32645957677751447
746,192,207,5.349187620865772,0.32645957677751447
747,207,192,5.349187620865772,0.32645957677751447
748,193,194,5.207485072069202,0.10168218030536558
749,194,193,5.207485072069202,0.10168218030536558
750,193,208,5.207485072069202,0.10168218030536558
751,208,193,5.207485072069202,0.10168218030536558
752,194,209,5.187802098309354,0.04755681741747342
753,209,194,5.187802098309354,0.04755681741747342
754,195,196,1.952190690091022,0.7425233608425248
755,196,195,1.952190690091022,0.7425233608425248
756,195,210,1.952190690091022,0.7425233608425248
757,210,195,1.952190690091022,0.7425233608425248
758,196,197,2.4232694337922505,1.116350822758058
759,197,196,2.4232694337922505,1.116350822758058
760,196,211,2.4232694337922505,1.116350822758058
761,211,196,2.4232694337922505,1.116350822758058
762,197,198,2.8188459321364094,1.3212724062026584
763,198,197,2.8188459321364094,1.3212724062026584
764,197,212,2.8188459321364094,1.3212724062026584
765,212,197,2.8188459321364094,1.3212724062026584
766,198,199,3.142230037608055,1.3667061891272292
767,199,198,3.142230037608055,1.3667061891272292
768,198,213,3.142230037608055,1.3667061891272292
769,213,198,3.142230037608055,1.3667061891272292
770,199,200,3.4422838523938446,1.3096382453698951
771,200,199,3.4422838523938446,1.3096382453698951
772,199,214,3.4422838523938446,1.3096382453698951
773,214,199,3.4422838523938446,1.3096382453698951
774,200,201,3.777181727467574,1.2215846646523536
775,201,200,3.777181727467574,1.2215846646523536
776,200,215,3.777181727467574,1.2215846646523536
777,215,200,3.777181727467574,1.2215846646523536
778,201,202,4.174091608383211,1.1531182274797227
779,202,201,4.174091608383211,1.1531182274797227
780,201,216,4.174091608383211,1.1531182274797227
781,216,201,4.174091608383211,1.1531182274797227
782,202,203,4.605561343564689,1.1121146880774333
783,203,202,4.605561343564689,1.1121146880774333
784,202,217,4.605561343564689,1.1121146880774333
785,217,202,4.605561343564689,1.1121146880774333
786,203,204,4.995286293404515,1.0648593756103328
787,204,203,4.995286293404515,1.0648593756103328
788,203,218,4.995286293404515,1.0648593756103328
789,218,203,4.995286293404515,1.0648593756103328
790,204,205,5.251426735558565,0.9587913403320742
791,205,204,5.251426735558565,0.9587913403320742
792,204,219,5.251426735558565,0.9587913403320742
793,219,204,5.251426735558565,0.9587913403320742
794,205,206,5.311851006439373,0.7559725763740426
795,206,205,5.311851006439373,0.7559725763740426
796,205,220,5.311851006439373,0.7559725763740426
797,220,205,5.311851006439373,0.7559725763740426
798,206,207,5.179369233055097,0.46131120204670406
799,207,206,5.179369233055097,0.46131120204670406
800,206,221,5.179369233055097,0.46131120204670406
801,221,206,5.179369233055097,0.46131120204670406
802,207,208,4.929263722107139,0.13146639255919368
803,208,207,4.929263722107139,0.13146639255919368
804,207,222,4.929263722107139,0.13146639255919368
805,222,207,4.929263722107139,0.13146639255919368
806,208,209,4.684123621432777,0.14125981687311207
807,209,208,4.684123621432777,0.14125981687311207
808,208,223,4.684123621432777,0.14125981687311207
809,223,208,4.684123621432777,0.14125981687311207
810,209,224,4.566014687008992,0.26427767484515385
811,224,209,4.566014687008992,0.26427767484515385
812,210,211,2.260828206698636,0.967333535312892
813,211,210,2.260828206698636,0.967333535312892
814,211,212,2.885133811080729,1.4793909083240915
815,212,211,2.885133811080729,1.4793909083240915
816,212,213,3.4283507391520596,1.8078384674281782
817,213,212,3.4283507391520596,1.8078384674281782
818,213,214,3.861579171701379,1.9390634415655577
819,214,213,3.861579171701379,1.9390634415655577
820,214,215,4.20113349205405,1.9063904622929488
821,215,214,4.20113349205405,1.9063904622929488
822,215,216,4.483497992764913,1.7655058789099574
823,216,215,4.483497992764913,1.7655058789099574
824,216,217,4.734335251644575,1.56735711573006
825,217,216,4.734335251644575,1.56735711573006
826,217,218,4.947774998827368,1.339866398475206
827,218,217,4.947774998827368,1.339866398475206
828,218,219,5.086586726048582,1.0846986458184738
829,219,218,5.086586726048582,1.0846986458184738
830,219,220,5.103065100354735,0.7887840149362191
831,220,219,5.103065100354735,0.7887840149362191
832,220,221,4.9698895651747055,0.44418710838712094
833,221,220,4.9698895651747055,0.44418710838712094
834,221,222,4.705015474484305,0.0663066863487396
835,222,221,4.705015474484305,0.0663066863487396
836,222,223,4.377244218711047,0.2991187627059073
837,223,222,4.377244218711047,0.2991187627059073
838,223,224,4.0881015331892785,0.584943650227518
839,224,223,4.0881015331892785,0.584943650227518
