step,current_node,u,v,old_cost,new_cost
1,0,0,1,3.981478570834384,4.639155606204866
1,0,0,40,3.981478570834384,4.639155606204866
1,0,1,0,3.981478570834384,4.639155606204866
1,0,1,41,3.870544072158498,3.4379644967468552
1,0,40,0,3.981478570834384,4.639155606204866
1,0,40,41,4.376119941098008,5.1633807255129796
1,0,41,1,3.870544072158498,3.4379644967468552
1,0,41,40,4.376119941098008,5.1633807255129796
2,40,40,80,4.376119941098008,5.1633807255129796
2,40,41,81,4.2556193037054175,3.953411441213502
2,40,80,40,4.376119941098008,5.1633807255129796
2,40,80,81,5.090433098880533,6.061826697078863
2,40,81,41,4.2556193037054175,3.953411441213502
2,40,81,80,5.090433098880533,6.061826697078863
3,80,80,120,5.090433098880533,6.061826697078863
3,80,81,121,4.9541993087384775,4.861728547682462
3,80,120,80,5.090433098880533,6.061826697078863
3,80,120,121,5.986492498554651,7.251093034798595
3,80,121,81,4.9541993087384775,4.861728547682462
3,80,121,120,5.986492498554651,7.251093034798595
4,120,120,160,5.986492498554651,7.251093034798595
4,120,121,161,5.83411611430528,6.093795980577948
4,120,160,120,5.986492498554651,7.251093034798595
4,120,160,161,6.888346844084887,8.479308650367068
4,120,161,121,5.83411611430528,6.093795980577948
4,120,161,160,6.888346844084887,8.479308650367068
5,160,160,200,6.888346844084887,8.479308650367068
5,160,161,201,6.725840421994041,7.42126668623632
5,160,200,160,6.888346844084887,8.479308650367068
5,160,200,201,7.618486157039847,9.39881547077357
5,160,201,161,6.725840421994041,7.42126668623632
5,160,201,200,7.618486157039847,9.39881547077357
6,200,200,240,7.618486157039847,9.39881547077357
6,200,201,241,7.457172773220741,8.51283243488329
6,200,240,200,7.618486157039847,9.39881547077357
6,200,240,241,8.038853753300657,9.712167932992346
6,200,241,201,7.457172773220741,8.51283243488329
6,200,241,240,8.038853753300657,9.712167932992346
7,240,240,280,8.038853753300657,9.712167932992346
7,240,241,281,7.892914802289516,9.06616541792267
7,240,280,240,8.038853753300657,9.712167932992346
7,240,280,281,8.084100739868312,9.31151867412632
7,240,281,241,7.892914802289516,9.06616541792267
7,240,281,280,8.084100739868312,9.31151867412632
8,280,280,320,8.084100739868312,9.31151867412632
8,280,281,321,7.967538345103168,8.944821344134596
8,280,320,280,8.084100739868312,9.31151867412632
8,280,320,321,7.774607264666027,8.328907789221663
8,280,321,281,7.967538345103168,8.944821344134596
8,280,321,320,7.774607264666027,8.328907789221663
9,320,320,360,7.774607264666027,8.328907789221663
9,320,321,361,7.698450751933656,8.238752198421585
9,320,360,320,7.774607264666027,8.328907789221663
9,320,360,361,7.2036631355233265,7.068711890579307
9,320,361,321,7.698450751933656,8.238752198421585
9,320,361,360,7.2036631355233265,7.068711890579307
10,360,360,400,7.2036631355233265,7.068711890579307
10,360,361,401,7.174084323121037,7.2127980813133075
10,360,400,360,7.2036631355233265,7.068711890579307
10,360,400,401,6.5039897700392935,5.865755259908263
10,360,401,361,7.174084323121037,7.2127980813133075
10,360,401,400,6.5039897700392935,5.865755259908263
11,400,400,440,6.5039897700392935,5.865755259908263
11,400,401,441,6.521658659128995,6.177389793412442
11,400,440,400,6.5039897700392935,5.865755259908263
11,400,440,441,5.807323866413583,4.952777373119758
11,400,441,401,6.521658659128995,6.177389793412442
11,400,441,440,5.807323866413583,4.952777373119758
12,440,440,480,5.807323866413583,4.952777373119758
12,440,441,481,5.867965876395658,5.359918028930607
12,440,480,440,5.807323866413583,4.952777373119758
12,440,480,481,5.212274897294801,4.403941084022833
12,440,481,441,5.867965876395658,5.359918028930607
12,440,481,480,5.212274897294801,4.403941084022833
13,480,480,520,5.212274897294801,4.403941084022833
13,480,481,521,5.308110246131311,4.844614929576663
13,480,520,480,5.212274897294801,4.403941084022833
13,480,520,521,4.769856684786745,4.164436943995916
13,480,521,481,5.308110246131311,4.844614929576663
13,480,521,520,4.769856684786745,4.164436943995916
14,520,520,560,4.769856684786745,4.164436943995916
14,520,521,561,4.891469182982713,4.5958020147076475
14,520,560,520,4.769856684786745,4.164436943995916
14,520,560,561,4.4870913090295925,4.1240544674758235
14,520,561,521,4.891469182982713,4.5958020147076475
14,520,561,560,4.4870913090295925,4.1240544674758235
15,560,560,600,4.4870913090295925,4.1240544674758235
15,560,561,601,4.625258776111866,4.526053880851581
15,560,600,560,4.4870913090295925,4.1240544674758235
15,560,600,601,4.342079092709423,4.179987815641457
15,560,601,561,4.625258776111866,4.526053880851581
15,560,601,600,4.342079092709423,4.179987815641457
16,600,600,640,4.342079092709423,4.179987815641457
16,600,601,641,4.489155530640244,4.554681651146145
16,600,640,600,4.342079092709423,4.179987815641457
16,600,640,641,4.301798194618846,4.261763776358958
16,600,641,601,4.489155530640244,4.554681651146145
16,600,641,640,4.301798194618846,4.261763776358958
17,640,640,680,4.301798194618846,4.261763776358958
17,640,641,681,4.45236343763626,4.627666676170991
17,640,680,640,4.301798194618846,4.261763776358958
17,640,680,681,4.336036455925662,4.329016525471122
17,640,681,641,4.45236343763626,4.627666676170991
17,640,681,680,4.336036455925662,4.329016525471122
18,680,680,720,4.336036455925662,4.329016525471122
18,680,681,721,4.486735727758267,4.709675254755508
18,680,720,680,4.336036455925662,4.329016525471122
18,680,720,721,4.424483893928865,4.3681768928676
18,680,721,681,4.486735727758267,4.709675254755508
18,680,721,720,4.424483893928865,4.3681768928676
19,720,720,760,4.424483893928865,4.3681768928676
19,720,721,761,4.5732490469655716,4.777387614519904
19,720,760,720,4.424483893928865,4.3681768928676
19,720,760,761,4.55680195181372,4.398952951579864
19,720,761,721,4.5732490469655716,4.777387614519904
19,720,761,760,4.55680195181372,4.398952951579864
20,760,760,800,4.55680195181372,4.398952951579864
20,760,761,801,4.701882381067271,4.8291445549264465
20,760,800,760,4.55680195181372,4.398952951579864
20,760,800,801,4.726994152913466,4.476432122850868
20,760,801,761,4.701882381067271,4.8291445549264465
20,760,801,800,4.726994152913466,4.476432122850868
21,800,800,840,4.726994152913466,4.476432122850868
21,800,801,841,4.866294326051497,4.897506813270682
21,800,840,800,4.726994152913466,4.476432122850868
21,800,840,841,4.924538542288223,4.667953604693064
21,800,841,801,4.866294326051497,4.897506813270682
21,800,841,840,4.924538542288223,4.667953604693064
22,840,840,880,4.924538542288223,4.667953604693064
22,840,841,881,5.055586587980464,5.039016300224115
22,840,880,840,4.924538542288223,4.667953604693064
22,840,880,881,5.126088227239132,5.004630592288243
22,840,881,841,5.055586587980464,5.039016300224115
22,840,881,880,5.126088227239132,5.004630592288243
23,880,880,920,5.126088227239132,5.004630592288243
23,880,881,921,5.246610604752281,5.292983601219918
23,880,920,880,5.126088227239132,5.004630592288243
23,880,920,921,5.292344951964922,5.4369076474615605
23,880,921,881,5.246610604752281,5.292983601219918
23,880,921,920,5.292344951964922,5.4369076474615605
24,920,920,960,5.292344951964922,5.4369076474615605
24,920,921,961,5.401082737173671,5.63319536483616
24,920,960,920,5.292344951964922,5.4369076474615605
24,920,960,961,5.373512048666571,5.832457635082544
24,920,961,921,5.401082737173671,5.63319536483616
24,920,961,960,5.373512048666571,5.832457635082544
25,960,960,1000,5.373512048666571,5.832457635082544
25,960,961,1001,5.470780496222211,5.952520911568998
25,960,1000,960,5.373512048666571,5.832457635082544
25,960,1000,1001,5.323068518282866,6.030161796855703
25,960,1001,961,5.470780496222211,5.952520911568998
25,960,1001,1000,5.323068518282866,6.030161796855703
26,1000,1000,1040,5.323068518282866,6.030161796855703
26,1000,1001,1041,5.4107067251945145,6.102500294447723
26,1000,1040,1000,5.323068518282866,6.030161796855703
26,1000,1040,1041,5.115021798003529,5.922621492494644
26,1000,1041,1001,5.4107067251945145,6.102500294447723
26,1000,1041,1040,5.115021798003529,5.922621492494644
27,1040,1040,1080,5.115021798003529,5.922621492494644
27,1040,1041,1081,5.195705422890318,5.969731429395313
27,1040,1080,1040,5.115021798003529,5.922621492494644
27,1040,1080,1081,4.75710585457764,5.515053308568763
27,1040,1081,1041,5.195705422890318,5.969731429395313
27,1040,1081,1080,4.75710585457764,5.515053308568763
28,1080,1080,1120,4.75710585457764,5.515053308568763
28,1080,1081,1121,4.83330440932896,5.540671298271552
28,1080,1120,1080,4.75710585457764,5.515053308568763
28,1080,1120,1121,4.2936018950507435,4.922270778739106
28,1080,1121,1081,4.83330440932896,5.540671298271552
28,1080,1121,1120,4.2936018950507435,4.922270778739106
29,1120,1120,1160,4.2936018950507435,4.922270778739106
29,1120,1121,1161,4.366590856850571,4.912129925266324
29,1120,1160,1120,4.2936018950507435,4.922270778739106
29,1120,1160,1161,3.796096045060577,4.308463284840531
29,1120,1161,1121,4.366590856850571,4.912129925266324
29,1120,1161,1160,3.796096045060577,4.308463284840531
30,1160,1160,1200,3.796096045060577,4.308463284840531
30,1160,1161,1201,3.8653555206883943,4.242962076264293
30,1160,1200,1160,3.796096045060577,4.308463284840531
30,1160,1200,1201,3.345804512908123,3.8130593836254127
30,1160,1201,1161,3.8653555206883943,4.242962076264293
30,1160,1201,1200,3.345804512908123,3.8130593836254127
31,1200,1200,1240,3.345804512908123,3.8130593836254127
31,1200,1201,1241,3.408948068573285,3.68292578511299
31,1200,1240,1200,3.345804512908123,3.8130593836254127
31,1200,1240,1241,3.0139969779868068,3.5099201412462393
31,1200,1241,1201,3.408948068573285,3.68292578511299
31,1200,1241,1240,3.0139969779868068,3.5099201412462393
32,1240,1240,1280,3.0139969779868068,3.5099201412462393
32,1240,1241,1281,3.067206022410401,3.3253061625647367
32,1240,1280,1240,3.0139969779868068,3.5099201412462393
32,1240,1280,1281,2.8464926213981574,3.414952986539987
32,1240,1281,1241,3.067206022410401,3.3253061625647367
32,1240,1281,1280,2.8464926213981574,3.414952986539987
33,1280,1280,1320,2.8464926213981574,3.414952986539987
33,1280,1281,1321,2.8853378871785234,3.203904412488157
33,1280,1320,1280,2.8464926213981574,3.414952986539987
33,1280,1320,1321,2.8554655067374117,3.517357307215807
33,1280,1321,1281,2.8853378871785234,3.203904412488157
33,1280,1321,1320,2.8554655067374117,3.517357307215807
34,1281,1241,1242,3.067206022410401,3.3253061625647367
34,1281,1242,1241,3.067206022410401,3.3253061625647367
34,1281,1242,1282,3.1741619360455946,3.3677403450166175
34,1281,1281,1282,2.8853378871785234,3.203904412488157
34,1281,1282,1242,3.1741619360455946,3.3677403450166175
34,1281,1282,1281,2.8853378871785234,3.203904412488157
34,1281,1282,1322,2.9619100002818035,3.2269836514285735
34,1281,1321,1322,2.87594642576439,3.31640405843539
34,1281,1322,1282,2.9619100002818035,3.2269836514285735
34,1281,1322,1321,2.87594642576439,3.31640405843539
35,1321,1320,1360,2.8554655067374117,3.517357307215807
35,1321,1321,1361,2.87594642576439,3.31640405843539
35,1321,1322,1362,2.9141403882221404,3.3195991602590373
35,1321,1360,1320,2.8554655067374117,3.517357307215807
35,1321,1360,1361,3.0191548605894805,3.7961124362988192
35,1321,1361,1321,2.87594642576439,3.31640405843539
35,1321,1361,1360,3.0191548605894805,3.7961124362988192
35,1321,1361,1362,3.0187286796806334,3.63888362809438
35,1321,1362,1322,2.9141403882221404,3.3195991602590373
35,1321,1362,1361,3.0187286796806334,3.63888362809438
36,1322,1282,1283,2.9619100002818035,3.2269836514285735
36,1322,1283,1282,2.9619100002818035,3.2269836514285735
36,1322,1283,1323,3.068891889909976,3.4469143349589433
36,1322,1322,1323,2.9141403882221404,3.3195991602590373
36,1322,1323,1283,3.068891889909976,3.4469143349589433
36,1322,1323,1322,2.9141403882221404,3.3195991602590373
36,1322,1323,1363,2.9607559544633206,3.4867702264349463
36,1322,1362,1363,3.013514488557698,3.627847478337804
36,1322,1363,1323,2.9607559544633206,3.4867702264349463
36,1322,1363,1362,3.013514488557698,3.627847478337804
37,1323,1283,1284,3.068891889909976,3.4469143349589433
37,1323,1284,1283,3.068891889909976,3.4469143349589433
37,1323,1284,1324,3.1878795420710926,3.773931253031353
37,1323,1323,1324,2.9607559544633206,3.4867702264349463
37,1323,1324,1284,3.1878795420710926,3.773931253031353
37,1323,1324,1323,2.9607559544633206,3.4867702264349463
37,1323,1324,1364,2.996956804324354,3.7351567188164223
37,1323,1363,1364,2.9929500739738324,3.712747877402539
37,1323,1364,1324,2.996956804324354,3.7351567188164223
37,1323,1364,1363,2.9929500739738324,3.712747877402539
38,1324,1284,1285,3.1878795420710926,3.773931253031353
38,1324,1285,1284,3.1878795420710926,3.773931253031353
38,1324,1285,1325,3.290544526081391,4.096093082356016
38,1324,1324,1325,2.996956804324354,3.7351567188164223
38,1324,1325,1285,3.290544526081391,4.096093082356016
38,1324,1325,1324,2.996956804324354,3.7351567188164223
38,1324,1325,1365,2.9969062915542573,3.961771038434723
38,1324,1364,1365,2.93968449995276,3.82751113374094
38,1324,1365,1325,2.9969062915542573,3.961771038434723
38,1324,1365,1364,2.93968449995276,3.82751113374094
39,1325,1285,1286,3.290544526081391,4.096093082356016
39,1325,1286,1285,3.290544526081391,4.096093082356016
39,1325,1286,1326,3.347597598178497,4.302746832365688
39,1325,1325,1326,2.9969062915542573,3.961771038434723
39,1325,1326,1286,3.347597598178497,4.302746832365688
39,1325,1326,1325,2.9969062915542573,3.961771038434723
39,1325,1326,1366,2.937002133949116,4.060060387683247
39,1325,1365,1366,2.8333623447740894,3.901339111923648
39,1325,1366,1326,2.937002133949116,4.060060387683247
39,1325,1366,1365,2.8333623447740894,3.901339111923648
40,1365,1364,1404,2.93968449995276,3.82751113374094
40,1365,1365,1405,2.8333623447740894,3.901339111923648
40,1365,1366,1406,2.6591115848410585,3.858139674677858
40,1365,1404,1364,2.93968449995276,3.82751113374094
40,1365,1404,1405,2.9888441862139623,4.040101276755664
40,1365,1405,1365,2.8333623447740894,3.901339111923648
40,1365,1405,1404,2.9888441862139623,4.040101276755664
40,1365,1405,1406,2.782357541890771,3.9182022930306326
40,1365,1406,1366,2.6591115848410585,3.858139674677858
40,1365,1406,1405,2.782357541890771,3.9182022930306326
41,1366,1326,1327,2.937002133949116,4.060060387683247
41,1366,1327,1326,2.937002133949116,4.060060387683247
41,1366,1327,1367,2.8085261395983245,3.944546606556149
41,1366,1366,1367,2.6591115848410585,3.858139674677858
41,1366,1367,1327,2.8085261395983245,3.944546606556149
41,1366,1367,1366,2.6591115848410585,3.858139674677858
41,1366,1367,1407,2.417988982239244,3.626604829000302
41,1366,1406,1407,2.506723441259199,3.703898194120166
41,1366,1407,1367,2.417988982239244,3.626604829000302
41,1366,1407,1406,2.506723441259199,3.703898194120166
42,1367,1327,1328,2.8085261395983245,3.944546606556149
42,1367,1328,1327,2.8085261395983245,3.944546606556149
42,1367,1328,1368,2.6280632707596414,3.589837201925252
42,1367,1367,1368,2.417988982239244,3.626604829000302
42,1367,1368,1328,2.6280632707596414,3.589837201925252
42,1367,1368,1367,2.417988982239244,3.626604829000302
42,1367,1368,1408,2.1350417300646285,3.1750852700345846
42,1367,1407,1408,2.1740633615178178,3.3617980268228247
42,1367,1408,1368,2.1350417300646285,3.1750852700345846
42,1367,1408,1407,2.1740633615178178,3.3617980268228247
43,1368,1328,1329,2.6280632707596414,3.589837201925252
43,1368,1329,1328,2.6280632707596414,3.589837201925252
43,1368,1329,1369,2.4402668710485917,3.067047044125591
43,1368,1368,1369,2.1350417300646285,3.1750852700345846
43,1368,1369,1329,2.4402668710485917,3.067047044125591
43,1368,1369,1368,2.1350417300646285,3.1750852700345846
43,1368,1369,1409,1.8607112454348376,2.556623252072965
43,1368,1408,1409,1.816947462351552,2.863179596644735
43,1368,1409,1369,1.8607112454348376,2.556623252072965
43,1368,1409,1408,1.816947462351552,2.863179596644735
44,1369,1329,1330,2.4402668710485917,3.067047044125591
44,1369,1330,1329,2.4402668710485917,3.067047044125591
44,1369,1330,1370,2.3100115888746826,2.5449840228964833
44,1369,1369,1370,1.8607112454348376,2.556623252072965
44,1369,1370,1330,2.3100115888746826,2.5449840228964833
44,1369,1370,1369,1.8607112454348376,2.556623252072965
44,1369,1370,1410,1.6629657600529757,1.9263074483048088
44,1369,1409,1410,1.488108991529976,2.2333356478806277
44,1369,1410,1370,1.6629657600529757,1.9263074483048088
44,1369,1410,1409,1.488108991529976,2.2333356478806277
45,1409,1408,1448,1.816947462351552,2.863179596644735
45,1409,1409,1449,1.488108991529976,2.2333356478806277
45,1409,1410,1450,1.2531840056278627,1.5877101177490245
45,1409,1448,1408,1.816947462351552,2.863179596644735
45,1409,1448,1449,1.6613664165552713,2.684196649422348
45,1409,1449,1409,1.488108991529976,2.2333356478806277
45,1409,1449,1448,1.6613664165552713,2.684196649422348
45,1409,1449,1450,1.313335208744639,2.128857474875887
45,1409,1450,1410,1.2531840056278627,1.5877101177490245
45,1409,1450,1449,1.313335208744639,2.128857474875887
46,1410,1370,1371,1.6629657600529757,1.9263074483048088
46,1410,1371,1370,1.6629657600529757,1.9263074483048088
46,1410,1371,1411,1.6109370269849466,1.500224345654356
46,1410,1410,1411,1.2531840056278627,1.5877101177490245
46,1410,1411,1371,1.6109370269849466,1.500224345654356
46,1410,1411,1410,1.2531840056278627,1.5877101177490245
46,1410,1411,1451,1.176561295623335,1.1149635343112003
46,1410,1450,1451,1.0746643578574382,1.5756138814253131
46,1410,1451,1411,1.176561295623335,1.1149635343112003
46,1410,1451,1450,1.0746643578574382,1.5756138814253131
47,1411,1371,1372,1.6109370269849466,1.500224345654356
47,1411,1372,1371,1.6109370269849466,1.500224345654356
47,1411,1372,1412,1.7551212520713566,1.4634114757439478
47,1411,1411,1412,1.176561295623335,1.1149635343112003
47,1411,1412,1372,1.7551212520713566,1.4634114757439478
47,1411,1412,1411,1.176561295623335,1.1149635343112003
47,1411,1412,1452,1.304026352768509,1.0
47,1411,1451,1452,1.0,1.157735055532785
47,1411,1452,1412,1.304026352768509,1.0
47,1411,1452,1451,1.0,1.157735055532785
48,1451,1450,1490,1.0746643578574382,1.5756138814253131
48,1451,1451,1491,1.0,1.157735055532785
48,1451,1452,1492,1.1260092400124582,1.0304100363339508
48,1451,1490,1450,1.0746643578574382,1.5756138814253131
48,1451,1490,1491,1.073619584187603,1.8918441738095717
48,1451,1491,1451,1.0,1.157735055532785
48,1451,1491,1490,1.073619584187603,1.8918441738095717
48,1451,1491,1492,1.0221258357653542,1.6374370514080896
48,1451,1492,1452,1.1260092400124582,1.0304100363339508
48,1451,1492,1491,1.0221258357653542,1.6374370514080896
49,1491,1490,1530,1.073619584187603,1.8918441738095717
49,1491,1491,1531,1.0221258357653542,1.6374370514080896
49,1491,1492,1532,1.1606809109636085,1.590546473874241
49,1491,1530,1490,1.073619584187603,1.8918441738095717
49,1491,1530,1531,1.1590722322227192,2.4691398202227877
49,1491,1531,1491,1.0221258357653542,1.6374370514080896
49,1491,1531,1530,1.1590722322227192,2.4691398202227877
49,1491,1531,1532,1.138073146402356,2.46131716611193
49,1491,1532,1492,1.1606809109636085,1.590546473874241
49,1491,1532,1531,1.138073146402356,2.46131716611193
50,1531,1530,1570,1.1590722322227192,2.4691398202227877
50,1531,1531,1571,1.138073146402356,2.46131716611193
50,1531,1532,1572,1.2950847448480265,2.5842040861776807
50,1531,1570,1530,1.1590722322227192,2.4691398202227877
50,1531,1570,1571,1.233505895506104,3.1894625657592472
50,1531,1571,1531,1.138073146402356,2.46131716611193
50,1531,1571,1570,1.233505895506104,3.1894625657592472
50,1531,1571,1572,1.233499568144599,3.454330127400576
50,1531,1572,1532,1.2950847448480265,2.5842040861776807
50,1531,1572,1571,1.233499568144599,3.454330127400576
51,1532,1492,1493,1.1606809109636085,1.590546473874241
51,1532,1493,1492,1.1606809109636085,1.590546473874241
51,1532,1493,1533,1.48924421076676,1.8235303395545677
51,1532,1532,1533,1.2950847448480265,2.5842040861776807
51,1532,1533,1493,1.48924421076676,1.8235303395545677
51,1532,1533,1532,1.2950847448480265,2.5842040861776807
51,1532,1533,1573,1.622954908343034,2.8713907328866366
51,1532,1572,1573,1.403727368667941,3.795781830299082
51,1532,1573,1533,1.622954908343034,2.8713907328866366
51,1532,1573,1572,1.403727368667941,3.795781830299082
52,1533,1493,1494,1.48924421076676,1.8235303395545677
52,1533,1494,1493,1.48924421076676,1.8235303395545677
52,1533,1494,1534,1.9808481524318784,2.3192215716380806
52,1533,1533,1534,1.622954908343034,2.8713907328866366
52,1533,1534,1494,1.9808481524318784,2.3192215716380806
52,1533,1534,1533,1.622954908343034,2.8713907328866366
52,1533,1534,1574,2.0922730887976315,3.305302964379827
52,1533,1573,1574,1.7327059494109138,4.201251881210103
52,1533,1574,1534,2.0922730887976315,3.305302964379827
52,1533,1574,1573,1.7327059494109138,4.201251881210103
53,1534,1494,1495,1.9808481524318784,2.3192215716380806
53,1534,1495,1494,1.9808481524318784,2.3192215716380806
53,1534,1495,1535,2.588887547908084,2.96441881646538
53,1534,1534,1535,2.0922730887976315,3.305302964379827
53,1534,1535,1495,2.588887547908084,2.96441881646538
53,1534,1535,1534,2.0922730887976315,3.305302964379827
53,1534,1535,1575,2.6581934364459467,3.8018901596359855
53,1534,1574,1575,2.189481054856132,4.63719270584809
53,1534,1575,1535,2.6581934364459467,3.8018901596359855
53,1534,1575,1574,2.189481054856132,4.63719270584809
54,1535,1495,1496,2.588887547908084,2.96441881646538
54,1535,1496,1495,2.588887547908084,2.96441881646538
54,1535,1496,1536,3.2609650008305695,3.6101345007632752
54,1535,1535,1536,2.6581934364459467,3.8018901596359855
54,1535,1536,1496,3.2609650008305695,3.6101345007632752
54,1535,1536,1535,2.6581934364459467,3.8018901596359855
54,1535,1536,1576,3.2728522807032134,4.251114962315369
54,1535,1575,1576,2.7302289417718013,5.0338168225238284
54,1535,1576,1536,3.2728522807032134,4.251114962315369
54,1535,1576,1575,2.7302289417718013,5.0338168225238284
55,1536,1496,1497,3.2609650008305695,3.6101345007632752
55,1536,1497,1496,3.2609650008305695,3.6101345007632752
55,1536,1497,1537,3.952428492780123,4.158556148915188
55,1536,1536,1537,3.2728522807032134,4.251114962315369
55,1536,1537,1497,3.952428492780123,4.158556148915188
55,1536,1537,1536,3.2728522807032134,4.251114962315369
55,1536,1537,1577,3.897439267942739,4.585857384932988
55,1536,1576,1577,3.3098352286488955,5.313253852326304
55,1536,1577,1537,3.897439267942739,4.585857384932988
55,1536,1577,1576,3.3098352286488955,5.313253852326304
56,1537,1497,1498,3.952428492780123,4.158556148915188
56,1537,1498,1497,3.952428492780123,4.158556148915188
56,1537,1498,1538,4.632442204966587,4.613989214560543
56,1537,1537,1538,3.897439267942739,4.585857384932988
56,1537,1538,1498,4.632442204966587,4.613989214560543
56,1537,1538,1537,3.897439267942739,4.585857384932988
56,1537,1538,1578,4.50730912977454,4.825617912165357
56,1537,1577,1578,3.893049603585667,5.442598367181414
56,1537,1578,1538,4.50730912977454,4.825617912165357
56,1537,1578,1577,3.893049603585667,5.442598367181414
57,1538,1498,1499,4.632442204966587,4.613989214560543
57,1538,1499,1498,4.632442204966587,4.613989214560543
57,1538,1499,1539,5.280075606844496,5.0598166196002525
57,1538,1538,1539,4.50730912977454,4.825617912165357
57,1538,1539,1499,5.280075606844496,5.0598166196002525
57,1538,1539,1538,4.50730912977454,4.825617912165357
57,1538,1539,1579,5.087574295013458,5.057797076985871
57,1538,1578,1579,4.458961620433941,5.46669546830633
57,1538,1579,1539,5.087574295013458,5.057797076985871
57,1538,1579,1578,4.458961620433941,5.46669546830633
58,1539,1499,1500,5.280075606844496,5.0598166196002525
58,1539,1500,1499,5.280075606844496,5.0598166196002525
58,1539,1500,1540,5.874564296752523,5.577923292878898
58,1539,1539,1540,5.087574295013458,5.057797076985871
58,1539,1540,1500,5.874564296752523,5.577923292878898
58,1539,1540,1539,5.087574295013458,5.057797076985871
58,1539,1540,1580,5.622926298036674,5.366579279480927
58,1539,1579,1580,4.996264735987191,5.486700094350908
58,1539,1580,1540,5.622926298036674,5.366579279480927
58,1539,1580,1579,4.996264735987191,5.486700094350908
59,1540,1500,1501,5.874564296752523,5.577923292878898
59,1540,1501,1500,5.874564296752523,5.577923292878898
59,1540,1501,1541,6.387897937956355,6.170144344134721
59,1540,1540,1541,5.622926298036674,5.366579279480927
59,1540,1541,1501,6.387897937956355,6.170144344134721
59,1540,1541,1540,5.622926298036674,5.366579279480927
59,1540,1541,1581,6.089524732749976,5.760962841042914
59,1540,1580,1581,5.492850130036737,5.592089077331535
59,1540,1581,1541,6.089524732749976,5.760962841042914
59,1540,1581,1580,5.492850130036737,5.592089077331535
61,1581,1541,1542,6.089524732749976,5.760962841042914
61,1581,1542,1541,6.089524732749976,5.760962841042914
61,1581,1542,1582,6.45550216537171,6.156417903858908
61,1581,1581,1582,5.927369289812605,5.793041967295713
61,1581,1582,1542,6.45550216537171,6.156417903858908
61,1581,1582,1581,5.927369289812605,5.793041967295713
62,1582,1542,1543,6.45550216537171,6.156417903858908
62,1582,1543,1542,6.45550216537171,6.156417903858908
62,1582,1543,1583,6.6905988916815184,6.425750737913397
62,1582,1582,1583,6.269313225859354,6.004662549753865
62,1582,1583,1543,6.6905988916815184,6.425750737913397
62,1582,1583,1582,6.269313225859354,6.004662549753865
63,1583,1543,1544,6.6905988916815184,6.425750737913397
63,1583,1544,1543,6.6905988916815184,6.425750737913397
63,1583,1544,1584,6.778821670504226,6.483146522040478
63,1583,1583,1584,6.488331512327541,6.098719535377287
63,1583,1584,1544,6.778821670504226,6.483146522040478
63,1583,1584,1583,6.488331512327541,6.098719535377287
64,1584,1544,1545,6.778821670504226,6.483146522040478
64,1584,1545,1544,6.778821670504226,6.483146522040478
64,1584,1545,1585,6.725558312911401,6.340247501000083
64,1584,1584,1585,6.5669412691765725,5.988621476196046
64,1584,1585,1545,6.725558312911401,6.340247501000083
64,1584,1585,1584,6.5669412691765725,5.988621476196046
65,1585,1545,1546,6.725558312911401,6.340247501000083
65,1585,1546,1545,6.725558312911401,6.340247501000083
65,1585,1546,1586,6.554144214647421,6.093625627552544
65,1585,1585,1586,6.508155265357231,5.687347844826464
65,1585,1586,1546,6.554144214647421,6.093625627552544
65,1585,1586,1585,6.508155265357231,5.687347844826464
66,1586,1546,1547,6.554144214647421,6.093625627552544
66,1586,1547,1546,6.554144214647421,6.093625627552544
66,1586,1547,1587,6.294051230754701,5.853628973013063
66,1586,1586,1587,6.332867870028179,5.2965796247858155
66,1586,1587,1547,6.294051230754701,5.853628973013063
66,1586,1587,1586,6.332867870028179,5.2965796247858155
67,1587,1547,1548,6.294051230754701,5.853628973013063
67,1587,1548,1547,6.294051230754701,5.853628973013063
67,1587,1548,1588,5.968644932686047,5.667279403886472
67,1587,1587,1588,6.068834397285251,4.935116325128716
67,1587,1588,1548,5.968644932686047,5.667279403886472
67,1587,1588,1587,6.068834397285251,4.935116325128716
68,1588,1548,1549,5.968644932686047,5.667279403886472
68,1588,1549,1548,5.968644932686047,5.667279403886472
68,1588,1549,1589,5.590790945677066,5.491189223277744
68,1588,1588,1589,5.738867652449909,4.658776731084307
68,1588,1589,1549,5.590790945677066,5.491189223277744
68,1588,1589,1588,5.738867652449909,4.658776731084307
69,1589,1549,1550,5.590790945677066,5.491189223277744
69,1589,1550,1549,5.590790945677066,5.491189223277744
69,1589,1550,1590,5.169209760495864,5.232946571501754
69,1589,1589,1590,5.356395314985324,4.429636708325323
69,1589,1590,1550,5.169209760495864,5.232946571501754
69,1589,1590,1589,5.356395314985324,4.429636708325323
70,1590,1550,1551,5.169209760495864,5.232946571501754
70,1590,1551,1550,5.169209760495864,5.232946571501754
70,1590,1551,1591,4.721108907470674,4.82992248729049
70,1590,1590,1591,4.931374730523332,4.15595108828926
70,1590,1591,1551,4.721108907470674,4.82992248729049
70,1590,1591,1590,4.931374730523332,4.15595108828926
71,1591,1551,1552,4.721108907470674,4.82992248729049
71,1591,1552,1551,4.721108907470674,4.82992248729049
71,1591,1552,1592,4.2820003279354335,4.30936968286116
71,1591,1591,1592,4.482341800406247,3.7730324898421177
71,1591,1592,1552,4.2820003279354335,4.30936968286116
71,1591,1592,1591,4.482341800406247,3.7730324898421177
72,1592,1552,1553,4.2820003279354335,4.30936968286116
72,1592,1553,1552,4.2820003279354335,4.30936968286116
72,1592,1553,1593,3.904662017642902,3.7895574544686346
72,1592,1592,1593,4.045748124519319,3.307196098066862
72,1592,1593,1553,3.904662017642902,3.7895574544686346
72,1592,1593,1592,4.045748124519319,3.307196098066862
73,1593,1553,1554,3.904662017642902,3.7895574544686346
73,1593,1554,1553,3.904662017642902,3.7895574544686346
73,1593,1554,1594,3.64511924807114,3.42411156417426
73,1593,1593,1594,3.674674255880483,2.878791802806333
73,1593,1594,1554,3.64511924807114,3.42411156417426
73,1593,1594,1593,3.674674255880483,2.878791802806333
74,1594,1554,1555,3.64511924807114,3.42411156417426
74,1594,1555,1554,3.64511924807114,3.42411156417426
74,1594,1555,1595,3.5406598360597736,3.328218486912575
74,1594,1594,1595,3.4247805760168712,2.6438770063595127
74,1594,1595,1555,3.5406598360597736,3.328218486912575
74,1594,1595,1594,3.4247805760168712,2.6438770063595127
75,1595,1555,1556,3.5406598360597736,3.328218486912575
75,1595,1556,1555,3.5406598360597736,3.328218486912575
75,1595,1556,1596,3.589821973131574,3.53101309587798
75,1595,1595,1596,3.332408088535413,2.7142404289235067
75,1595,1596,1556,3.589821973131574,3.53101309587798
75,1595,1596,1595,3.332408088535413,2.7142404289235067
76,1596,1556,1557,3.589821973131574,3.53101309587798
76,1596,1557,1556,3.589821973131574,3.53101309587798
76,1596,1557,1597,3.7450250228777824,3.973897657657288
76,1596,1596,1597,3.394674450659241,3.1045938256524988
76,1596,1597,1557,3.7450250228777824,3.973897657657288
76,1596,1597,1596,3.394674450659241,3.1045938256524988
77,1597,1557,1558,3.7450250228777824,3.973897657657288
77,1597,1558,1557,3.7450250228777824,3.973897657657288
77,1597,1558,1598,3.9245089861422193,4.542602923496494
77,1597,1597,1598,3.562227532200198,3.731486467539467
77,1597,1598,1558,3.9245089861422193,4.542602923496494
77,1597,1598,1597,3.562227532200198,3.731486467539467
78,1598,1558,1559,3.9245089861422193,4.542602923496494
78,1598,1559,1558,3.9245089861422193,4.542602923496494
78,1598,1559,1599,4.041920978679224,5.106286037504116
78,1598,1598,1599,3.751398239312306,4.45307184906538
78,1598,1599,1559,4.041920978679224,5.106286037504116
78,1598,1599,1598,3.751398239312306,4.45307184906538
